{"assets/images/chat-bot.gif":["assets/images/chat-bot.gif"],"assets/images/default-user.jpeg":["assets/images/default-user.jpeg"],"assets/images/gif-imagen-ia.gif":["assets/images/gif-imagen-ia.gif"],"assets/images/icon-gooway.png":["assets/images/icon-gooway.png"],"assets/images/logo-app.png":["assets/images/logo-app.png"],"assets/images/menu-icon-04.svg":["assets/images/menu-icon-04.svg"],"assets/images/no-image.png":["assets/images/no-image.png"],"assets/images/no-photo.jpg":["assets/images/no-photo.jpg"],"lib/presentation/global/environments/environment-dev.json":["lib/presentation/global/environments/environment-dev.json"],"lib/presentation/global/environments/environment-prod.json":["lib/presentation/global/environments/environment-prod.json"],"packages/cupertino_icons/assets/CupertinoIcons.ttf":["packages/cupertino_icons/assets/CupertinoIcons.ttf"],"packages/flutter_map/lib/assets/flutter_map_logo.png":["packages/flutter_map/lib/assets/flutter_map_logo.png"],"packages/font_awesome_flutter/lib/fonts/fa-brands-400.ttf":["packages/font_awesome_flutter/lib/fonts/fa-brands-400.ttf"],"packages/font_awesome_flutter/lib/fonts/fa-regular-400.ttf":["packages/font_awesome_flutter/lib/fonts/fa-regular-400.ttf"],"packages/font_awesome_flutter/lib/fonts/fa-solid-900.ttf":["packages/font_awesome_flutter/lib/fonts/fa-solid-900.ttf"]}